11000001,lname1501,name1501,a,dummy1,2013
11000002,lname1502,name1502,b,dummy2,2014
11000003,lname1503,name1503,c,dummy3,2015
11000004,lname1504,name1504,d,dummy4,2014
11000005,lname1505,name1505,e,dummy5,2015
11000006,lname1506,name1506,f,dummy6,2014
11000007,lname1507,name1507,g,dummy7,2014
11000008,lname1508,name1508,h,dummy8,2015
11000009,lname1509,name1509,i,dummy9,2015
11000010,lname1510,name1510,j,dummy10,2015
11000011,lname1511,name1511,k,dummy11,2015
11000012,lname1512,name1512,l,dummy12,2014
11000013,lname1513,name1513,m,dummy13,2014
11000014,lname1514,name1514,n,dummy14,2015
11000015,lname1515,name1515,o,dummy15,2015
12000001,lname1601,name1601,p,dummy16,2016
12000002,lname1602,name1602,q,dummy17,2015
12000003,lname1603,name1603,r,dummy18,2014
12000004,lname1604,name1604,s,dummy19,2016
12000005,lname1605,name1605,t,dummy20,2015
12000006,lname1606,name1606,u,dummy21,2015
12000007,lname1607,name1607,v,dummy22,2015
12000008,lname1608,name1608,w,dummy23,2016
12000009,lname1609,name1609,x,dummy24,2016
12000010,lname1610,name1610,y,dummy25,2016
12000011,lname1611,name1611,z,dummy26,2016
12000012,lname1612,name1612,a,dummy27,2016
12000013,lname1613,name1613,b,dummy28,2016
12000014,lname1614,name1614,c,dummy29,2016
12000015,lname1615,name1615,d,dummy30,2015
13000001,lname1701,name1701,e,dummy31,2017
13000002,lname1702,name1702,f,dummy32,2017
13000003,lname1703,name1703,g,dummy33,2017
13000004,lname1704,name1704,h,dummy34,2017
13000005,lname1705,name1705,i,dummy35,2016
13000006,lname1706,name1706,j,dummy36,2017
13000007,lname1707,name1707,k,dummy37,2015
13000008,lname1708,name1708,l,dummy38,2017
13000009,lname1709,name1709,m,dummy39,2017
13000010,lname1710,name1710,n,dummy40,2014
13000011,lname1711,name1711,o,dummy41,2016
13000012,lname1712,name1712,p,dummy42,2017
13000013,lname1713,name1713,q,dummy43,2017
13000014,lname1714,name1714,r,dummy44,2016
13000018,lname1715,name1715,s,dummy45,2017
